category,total_revenue,total_units_sold,avg_revenue_per_unit
Beverages,16125725,267229,60.3442178805444
Dairy,16477277,269334,61.17785723302665
Grocery,16463432,250825,65.63712548589655
Personal Care,16744532,272552,61.43610026710499
Snacks,16846907,264852,63.60875885400148
